sku,youtube
Luna,https://www.youtube.com/watch?v=oWhSyozZZbw&t=3s
06501,https://www.youtube.com/watch?v=oWhSyozZZbw&t=3s
06502,https://www.youtube.com/watch?v=oWhSyozZZbw&t=3s
06504,https://www.youtube.com/watch?v=oWhSyozZZbw&t=3s
06505,https://www.youtube.com/watch?v=oWhSyozZZbw&t=3s
06507,https://www.youtube.com/watch?v=oWhSyozZZbw&t=3s
06513,https://www.youtube.com/watch?v=oWhSyozZZbw&t=3s
06517,https://www.youtube.com/watch?v=oWhSyozZZbw&t=3s
06520,https://www.youtube.com/watch?v=oWhSyozZZbw&t=3s
06521,https://www.youtube.com/watch?v=oWhSyozZZbw&t=3s
ElloraFlat,https://www.youtube.com/watch?v=aGcs68ibn5w&t=2s
15001,https://www.youtube.com/watch?v=aGcs68ibn5w&t=2s
15002,https://www.youtube.com/watch?v=aGcs68ibn5w&t=2s
15004,https://www.youtube.com/watch?v=aGcs68ibn5w&t=2s
15005,https://www.youtube.com/watch?v=aGcs68ibn5w&t=2s
15007,https://www.youtube.com/watch?v=aGcs68ibn5w&t=2s
15008,https://www.youtube.com/watch?v=aGcs68ibn5w&t=2s
15011,https://www.youtube.com/watch?v=aGcs68ibn5w&t=2s
15013,https://www.youtube.com/watch?v=aGcs68ibn5w&t=2s
15017,https://www.youtube.com/watch?v=aGcs68ibn5w&t=2s
15020,https://www.youtube.com/watch?v=aGcs68ibn5w&t=2s
15021,https://www.youtube.com/watch?v=aGcs68ibn5w&t=2s
15071,https://www.youtube.com/watch?v=aGcs68ibn5w&t=2s
15101,https://www.youtube.com/watch?v=aGcs68ibn5w&t=2s
15102,https://www.youtube.com/watch?v=aGcs68ibn5w&t=2s
15104,https://www.youtube.com/watch?v=aGcs68ibn5w&t=2s
15105,https://www.youtube.com/watch?v=aGcs68ibn5w&t=2s
15107,https://www.youtube.com/watch?v=aGcs68ibn5w&t=2s
15108,https://www.youtube.com/watch?v=aGcs68ibn5w&t=2s
15111,https://www.youtube.com/watch?v=aGcs68ibn5w&t=2s
15113,https://www.youtube.com/watch?v=aGcs68ibn5w&t=2s
15117,https://www.youtube.com/watch?v=aGcs68ibn5w&t=2s
15118,https://www.youtube.com/watch?v=aGcs68ibn5w&t=2s
15120,https://www.youtube.com/watch?v=aGcs68ibn5w&t=2s
15121,https://www.youtube.com/watch?v=aGcs68ibn5w&t=2s
15201A,https://www.youtube.com/watch?v=aGcs68ibn5w&t=2s
15202A,https://www.youtube.com/watch?v=aGcs68ibn5w&t=2s
15204A,https://www.youtube.com/watch?v=aGcs68ibn5w&t=2s
15205,https://www.youtube.com/watch?v=aGcs68ibn5w&t=2s
15207,https://www.youtube.com/watch?v=aGcs68ibn5w&t=2s
15208,https://www.youtube.com/watch?v=aGcs68ibn5w&t=2s
15211,https://www.youtube.com/watch?v=aGcs68ibn5w&t=2s
15213,https://www.youtube.com/watch?v=aGcs68ibn5w&t=2s
15217,https://www.youtube.com/watch?v=aGcs68ibn5w&t=2s
15218,https://www.youtube.com/watch?v=aGcs68ibn5w&t=2s
15220,https://www.youtube.com/watch?v=aGcs68ibn5w&t=2s
15221,https://www.youtube.com/watch?v=aGcs68ibn5w&t=2s
15301A,https://www.youtube.com/watch?v=aGcs68ibn5w&t=2s
15302A,https://www.youtube.com/watch?v=aGcs68ibn5w&t=2s
15304A,https://www.youtube.com/watch?v=aGcs68ibn5w&t=2s
15305,https://www.youtube.com/watch?v=aGcs68ibn5w&t=2s
15307,https://www.youtube.com/watch?v=aGcs68ibn5w&t=2s
15308,https://www.youtube.com/watch?v=aGcs68ibn5w&t=2s
15311,https://www.youtube.com/watch?v=aGcs68ibn5w&t=2s
15313,https://www.youtube.com/watch?v=aGcs68ibn5w&t=2s
15317,https://www.youtube.com/watch?v=aGcs68ibn5w&t=2s
15318,https://www.youtube.com/watch?v=aGcs68ibn5w&t=2s
15320,https://www.youtube.com/watch?v=aGcs68ibn5w&t=2s
15321,https://www.youtube.com/watch?v=aGcs68ibn5w&t=2s
15401A,https://www.youtube.com/watch?v=aGcs68ibn5w&t=2s
15402A,https://www.youtube.com/watch?v=aGcs68ibn5w&t=2s
15404A,https://www.youtube.com/watch?v=aGcs68ibn5w&t=2s
15405,https://www.youtube.com/watch?v=aGcs68ibn5w&t=2s
15407,https://www.youtube.com/watch?v=aGcs68ibn5w&t=2s
15408,https://www.youtube.com/watch?v=aGcs68ibn5w&t=2s
15411,https://www.youtube.com/watch?v=aGcs68ibn5w&t=2s
15413,https://www.youtube.com/watch?v=aGcs68ibn5w&t=2s
15417,https://www.youtube.com/watch?v=aGcs68ibn5w&t=2s
15418,https://www.youtube.com/watch?v=aGcs68ibn5w&t=2s
15420,https://www.youtube.com/watch?v=aGcs68ibn5w&t=2s
15421,https://www.youtube.com/watch?v=aGcs68ibn5w&t=2s
15501A,https://www.youtube.com/watch?v=aGcs68ibn5w&t=2s
15502A,https://www.youtube.com/watch?v=aGcs68ibn5w&t=2s
15504A,https://www.youtube.com/watch?v=aGcs68ibn5w&t=2s
15505,https://www.youtube.com/watch?v=aGcs68ibn5w&t=2s
15507,https://www.youtube.com/watch?v=aGcs68ibn5w&t=2s
15508,https://www.youtube.com/watch?v=aGcs68ibn5w&t=2s
15511,https://www.youtube.com/watch?v=aGcs68ibn5w&t=2s
15513,https://www.youtube.com/watch?v=aGcs68ibn5w&t=2s
15517,https://www.youtube.com/watch?v=aGcs68ibn5w&t=2s
15518,https://www.youtube.com/watch?v=aGcs68ibn5w&t=2s
15520,https://www.youtube.com/watch?v=aGcs68ibn5w&t=2s
15521,https://www.youtube.com/watch?v=aGcs68ibn5w&t=2s
Travelmate,https://www.youtube.com/watch?v=etwOAi1HtYY
20301,https://www.youtube.com/watch?v=etwOAi1HtYY
20302,https://www.youtube.com/watch?v=etwOAi1HtYY
20317,https://www.youtube.com/watch?v=etwOAi1HtYY
20320,https://www.youtube.com/watch?v=etwOAi1HtYY
31000,https://www.youtube.com/watch?v=pmia3HaY3fU
31200,https://www.youtube.com/watch?v=0eCcyrOgENg
35000,https://www.youtube.com/watch?v=8UWxgLuj4s8
ProneBolster,https://www.youtube.com/watch?v=0t2-YDS0CkQ
38165,https://www.youtube.com/watch?v=0t2-YDS0CkQ
38166,https://www.youtube.com/watch?v=0t2-YDS0CkQ
ELNaturalNutOil,https://www.youtube.com/watch?v=tHFuJmsuq1M
48101,https://www.youtube.com/watch?v=tHFuJmsuq1M
48201,https://www.youtube.com/watch?v=tHFuJmsuq1M
ELOrganicOil,https://www.youtube.com/watch?v=4gASpT5wHx8
53201,https://www.youtube.com/watch?v=4gASpT5wHx8
ELPLOil,https://www.youtube.com/watch?v=Ira9m_p-gy8
53301,https://www.youtube.com/watch?v=Ira9m_p-gy8
53401,https://www.youtube.com/watch?v=Ira9m_p-gy8
53501,https://www.youtube.com/watch?v=4gASpT5wHx8
87300,https://www.youtube.com/watch?v=dlty8qoRy_8
904147,https://www.youtube.com/watch?v=D8SXurctCG12
8008701,https://www.youtube.com/watch?v=aGcs68ibn5w&t=2s
8008702,https://www.youtube.com/watch?v=aGcs68ibn5w&t=2s
8008704,https://www.youtube.com/watch?v=aGcs68ibn5w&t=2s
8008705,https://www.youtube.com/watch?v=aGcs68ibn5w&t=2s
8008707,https://www.youtube.com/watch?v=aGcs68ibn5w&t=2s
8008708,https://www.youtube.com/watch?v=aGcs68ibn5w&t=2s
8008711,https://www.youtube.com/watch?v=aGcs68ibn5w&t=2s
8008713,https://www.youtube.com/watch?v=aGcs68ibn5w&t=2s
8008717,https://www.youtube.com/watch?v=aGcs68ibn5w&t=2s
8008718,https://www.youtube.com/watch?v=aGcs68ibn5w&t=2s
8008720,https://www.youtube.com/watch?v=aGcs68ibn5w&t=2s
8008721,https://www.youtube.com/watch?v=aGcs68ibn5w&t=2s
8008801,https://www.youtube.com/watch?v=aGcs68ibn5w&t=2s
8008802,https://www.youtube.com/watch?v=aGcs68ibn5w&t=2s
8008804,https://www.youtube.com/watch?v=aGcs68ibn5w&t=2s
8008805,https://www.youtube.com/watch?v=aGcs68ibn5w&t=2s
8008807,https://www.youtube.com/watch?v=aGcs68ibn5w&t=2s
8008808,https://www.youtube.com/watch?v=aGcs68ibn5w&t=2s
8008811,https://www.youtube.com/watch?v=aGcs68ibn5w&t=2s
8008813,https://www.youtube.com/watch?v=aGcs68ibn5w&t=2s
8008817,https://www.youtube.com/watch?v=aGcs68ibn5w&t=2s
8008818,https://www.youtube.com/watch?v=aGcs68ibn5w&t=2s
8008820,https://www.youtube.com/watch?v=aGcs68ibn5w&t=2s
8008821,https://www.youtube.com/watch?v=aGcs68ibn5w&t=2s
8008901,https://www.youtube.com/watch?v=aGcs68ibn5w&t=2s
8008902,https://www.youtube.com/watch?v=aGcs68ibn5w&t=2s
8008904,https://www.youtube.com/watch?v=aGcs68ibn5w&t=2s
8008905,https://www.youtube.com/watch?v=aGcs68ibn5w&t=2s
8008907,https://www.youtube.com/watch?v=aGcs68ibn5w&t=2s
8008908,https://www.youtube.com/watch?v=aGcs68ibn5w&t=2s
8008911,https://www.youtube.com/watch?v=aGcs68ibn5w&t=2s
8008913,https://www.youtube.com/watch?v=aGcs68ibn5w&t=2s
8008917,https://www.youtube.com/watch?v=aGcs68ibn5w&t=2s
8008918,https://www.youtube.com/watch?v=aGcs68ibn5w&t=2s
8008920,https://www.youtube.com/watch?v=aGcs68ibn5w&t=2s
8008921,https://www.youtube.com/watch?v=aGcs68ibn5w&t=2s
8009001,https://www.youtube.com/watch?v=aGcs68ibn5w&t=2s
8009002,https://www.youtube.com/watch?v=aGcs68ibn5w&t=2s
8009004,https://www.youtube.com/watch?v=aGcs68ibn5w&t=2s
8009005,https://www.youtube.com/watch?v=aGcs68ibn5w&t=2s
8009007,https://www.youtube.com/watch?v=aGcs68ibn5w&t=2s
8009017,https://www.youtube.com/watch?v=aGcs68ibn5w&t=2s
8009018,https://www.youtube.com/watch?v=aGcs68ibn5w&t=2s
8009020,https://www.youtube.com/watch?v=aGcs68ibn5w&t=2s
8009021,https://www.youtube.com/watch?v=aGcs68ibn5w&t=2s
8009101,https://www.youtube.com/watch?v=aGcs68ibn5w&t=2s
8009102,https://www.youtube.com/watch?v=aGcs68ibn5w&t=2s
8009104,https://www.youtube.com/watch?v=aGcs68ibn5w&t=2s
8009105,https://www.youtube.com/watch?v=aGcs68ibn5w&t=2s
8009107,https://www.youtube.com/watch?v=aGcs68ibn5w&t=2s
8009111,https://www.youtube.com/watch?v=aGcs68ibn5w&t=2s
8009117,https://www.youtube.com/watch?v=aGcs68ibn5w&t=2s
8009118,https://www.youtube.com/watch?v=aGcs68ibn5w&t=2s
8009120,https://www.youtube.com/watch?v=aGcs68ibn5w&t=2s
8009121,https://www.youtube.com/watch?v=aGcs68ibn5w&t=2s
8009201,https://www.youtube.com/watch?v=aGcs68ibn5w&t=2s
8009202,https://www.youtube.com/watch?v=aGcs68ibn5w&t=2s
8009204,https://www.youtube.com/watch?v=aGcs68ibn5w&t=2s
8009205,https://www.youtube.com/watch?v=aGcs68ibn5w&t=2s
8009207,https://www.youtube.com/watch?v=aGcs68ibn5w&t=2s
8009211,https://www.youtube.com/watch?v=aGcs68ibn5w&t=2s
8009213,https://www.youtube.com/watch?v=aGcs68ibn5w&t=2s
8009217,https://www.youtube.com/watch?v=aGcs68ibn5w&t=2s
8009218,https://www.youtube.com/watch?v=aGcs68ibn5w&t=2s
8009220,https://www.youtube.com/watch?v=aGcs68ibn5w&t=2s
8009221,https://www.youtube.com/watch?v=aGcs68ibn5w&t=2s
FacePillowwith,https://www.youtube.com/watch?v=pmia3HaY3fU
62101A,https://www.youtube.com/watch?v=pmia3HaY3fU
62102A,https://www.youtube.com/watch?v=pmia3HaY3fU
62104A,https://www.youtube.com/watch?v=pmia3HaY3fU
62105A,https://www.youtube.com/watch?v=pmia3HaY3fU
62107A,https://www.youtube.com/watch?v=pmia3HaY3fU
62113A,https://www.youtube.com/watch?v=pmia3HaY3fU
62117A,https://www.youtube.com/watch?v=pmia3HaY3fU
62120A,https://www.youtube.com/watch?v=pmia3HaY3fU
62121A,https://www.youtube.com/watch?v=pmia3HaY3fU
Stratawith,https://www.youtube.com/watch?v=0eCcyrOgENg
63201A,https://www.youtube.com/watch?v=0eCcyrOgENg
63202A,https://www.youtube.com/watch?v=0eCcyrOgENg
63204A,https://www.youtube.com/watch?v=0eCcyrOgENg
63205A,https://www.youtube.com/watch?v=0eCcyrOgENg
63207A,https://www.youtube.com/watch?v=0eCcyrOgENg
63213A,https://www.youtube.com/watch?v=0eCcyrOgENg
63217A,https://www.youtube.com/watch?v=0eCcyrOgENg
63220A,https://www.youtube.com/watch?v=0eCcyrOgENg
63221A,https://www.youtube.com/watch?v=0eCcyrOgENg
Harmony,https://www.youtube.com/watch?v=1CL2ghn1z8I
67665PKG,https://www.youtube.com/watch?v=1CL2ghn1z8I
67666PKG,https://www.youtube.com/watch?v=1CL2ghn1z8I
67667PKG,https://www.youtube.com/watch?v=1CL2ghn1z8I
67668PKG,https://www.youtube.com/watch?v=1CL2ghn1z8I
67669PKG,https://www.youtube.com/watch?v=1CL2ghn1z8I
67801A,https://www.youtube.com/watch?v=D8SXurctCG4
67802A,https://www.youtube.com/watch?v=D8SXurctCG5
67804A,https://www.youtube.com/watch?v=D8SXurctCG6
67805A,https://www.youtube.com/watch?v=D8SXurctCG7
67807A,https://www.youtube.com/watch?v=D8SXurctCG8
67813A,https://www.youtube.com/watch?v=D8SXurctCG9
67817A,https://www.youtube.com/watch?v=D8SXurctCG10
67820A,https://www.youtube.com/watch?v=D8SXurctCG11
67821A,https://www.youtube.com/watch?v=D8SXurctCG12
SLErgoII,https://www.youtube.com/watch?v=l97mqOHQwqg&t=2s
EPC2BD,https://www.youtube.com/watch?v=l97mqOHQwqg&t=2s
EPC2BL,https://www.youtube.com/watch?v=l97mqOHQwqg&t=2s
EPC2PU,https://www.youtube.com/watch?v=l97mqOHQwqg&t=2s
EPC2SA,https://www.youtube.com/watch?v=l97mqOHQwqg&t=2s
EPC2TE,https://www.youtube.com/watch?v=l97mqOHQwqg&t=2s
